Var1,ranks
SX,1.02931492041055
CW,0.915079462433114
ZL,0.887046977479915
YZ,0.548314793949786
HL,0.320669935054905
TT,0.256150968869165
HG,0.189112465966642
TG,-0.0146684779136195
YM,-0.0224159179025525
BH,-0.0426617779192691
ES,-0.186448409608131
BX,-0.193960795432246
FM,-0.348335797856518
FT,-0.379661798583845
PN,-0.537260712074545
HH,-0.608796945694576
FY,-0.674215884685628
TY,-1.13726300649315
