Var1,ranks
HL,0.987837601316558
SX,0.873675170815121
CW,0.847808480737508
BH,0.557547319330607
GS,0.477838413592167
HZ,0.434052030219656
BX,0.297985855596567
TT,0.129117023083247
TG,0.0941539455212522
HG,0.0350229883101824
ZM,0.00334971787393529
YM,0.00310343955443787
YZ,-0.120904503041664
CL,-0.170510726017172
FT,-0.270154157016974
ES,-0.285652637139144
FM,-0.386067297260505
HU,-0.422556510104437
HR,-0.555647274282832
ZL,-0.688311593675777
FY,-0.831133437850201
TY,-1.01055384956253
