Var1,ranks
CW,0.941320571909802
HL,0.933439621560704
SX,0.857422217146834
YZ,0.716384739811173
HZ,0.710870546372368
BH,0.402875341852137
ZM,0.11980851259225
HG,0.111723044316477
BX,0.049059399439601
TT,0.0471249967437003
ES,-0.100254653048928
TG,-0.119085894455242
FT,-0.164397770954956
YM,-0.212808693933382
HH,-0.29336409661647
CL,-0.318071132868395
HR,-0.340047450247496
ZL,-0.405253041389915
FM,-0.530416783840129
HU,-0.569613237131333
FY,-0.771042302319713
TY,-1.06567393493909
